块名	模组名	packageId	来源
fufu及相关	Mya's fufu	fxz.myafufu	已装索引
fufu及相关	XiaoLan’s Magic House Fufu	hailuan.lan.fufu	社区清单
fufu及相关	Xiaolan'fufu	lan.fufu	已装索引
fufu及相关	鼠族财富扩展-雪铁芋Fufu	thewwworld.ratkinwealthfufu	已装索引
V.O.I.D及相关	[RH2] Faction V.O.I.D. - 简繁汉化	rh2.faction.void	并入本体
V.O.I.D及相关	[RH2] Faction V.O.I.D	rh2.faction.void	已装索引
WNA - 威灵诺德联合会及相关	WNA - Whelingnorther Alliance	hrg164hjo.whelingnorther.alliance	社区清单
艾波娜及相关	Epona Dynastic Rise	epona.eponadynasticrise	社区清单
艾波娜及相关	Epona ExpandGlorious Crushing	epona.ranger	社区清单
艾波娜及相关	Epona Flight Vehicle Expansion	epona.eponadynasticrise.greatrule	社区清单
艾波娜及相关	Epona Weapons+	epona.weapon	社区清单
边缘雷霆及相关	RimThunder - Breakthrough	rimthunderteams.rimthunder.breakthrough	社区清单
边缘雷霆及相关	RimThunder - Cold Front	aoba.rimthunder.redarmy.coldfront	社区清单
边缘雷霆及相关	RimThunder - Core	rimthunder.core	社区清单
边缘雷霆及相关	RimThunder - Desert Sabre - Continued	rimthunderteams.rimthunder.desertsabre	社区清单
边缘雷霆及相关	RimThunder - Enduring Freedom	rimthunderteams.rimthunder.enduringfreedom	社区清单
边缘雷霆及相关	RimThunder - Flying Chariot	rimthunderteams.rimthunder.flyingchariot	社区清单
边缘雷霆及相关	RimThunder - Kon'	rimthunderteams.rimthunder.kon	社区清单
边缘雷霆及相关	RimThunder - Liberty of Delivery	rimthunderteams.rimthunder.libertyofdelivery	社区清单
边缘雷霆及相关	RimThunder - Mobile Infantry	aoba.rimthunder.mobileinfantry	社区清单
边缘雷霆及相关	RimThunder - Roaring Tiger	aoba.rimthunder.roca	社区清单
边缘雷霆及相关	RimThunder - Time Forward	rimthunderteams.rimthunder.timeforward	社区清单
边缘雷霆及相关	RimThunder - Western Green	zyszhao.rimthunder.westerngreen	社区清单
边缘战争空岛及相关	Gravship Conquest- RimSkyBlockDLC	yexiaoyang978.rimskyblockhuhodysseydlc	社区清单
边缘战争空岛及相关	RimSkyBlock - Vassal Outposts, Establish Empire	yexiaoyang.rimskyblock	社区清单
边缘战争空岛及相关	RimSkyBlock_Skyland_边缘生存空岛	yexiaoyang.rsbskyland	社区清单
虫娘及相关	虫娘 Insect Girls	pupa.insectgirls	社区清单
虫族2（寰宇虫灾）及相关	Insectoids 2 - Isopoda geneline	who.vfee.isopodageneline	社区清单
虫族2（寰宇虫灾）及相关	Insectoids 2 - More and stronger insectoids	hailuan.insect	社区清单
虫族2（寰宇虫灾）及相关	Vanilla Factions Expanded - Insectoids 2 - Swarm Disaster	cn.vfei2swarmdisaster	社区清单
虫族2（寰宇虫灾）及相关	Vanilla Factions Expanded - Insectoids 2	oskarpotocki.vfe.insectoid2	社区清单
黛莉娅及相关	Mimic Slime - Deliria	lf.mod.mimicslime	社区清单
黛莉娅及相关	Mimic Slime Ability Expended	lf.mod.mimicslimeae	社区清单
渡鸦族及相关	Raven Race - Embers in Shadow	zuoyao.ravenrace	社区清单
腐蛟种及相关	Biotech xenotype expanded - Rotfish	gene.rotfish	社区清单
机械族全面战争及相关	Mechanoids Total Warfare	nyar.nclvstw	社区清单
珂莉姆及相关	Draconis Koelime Balance Patch	hoxise.draconiskoelimebalancepatch	社区清单
珂莉姆及相关	Draconis Koelime	draconis.koelime	社区清单
联合重工及相关	联合轻工家具拓展-UF Light Industries Furniture	kindseal.ufli	社区清单
联合重工及相关	联合重工-UF Heavy Industries	kindseal.lol	社区清单
联合重工及相关	联合重工-龙骑兵拓展 UFHI-MobileDragoon	kindseal.mobiledragoon	社区清单
联合重工及相关	联合重工派系拓展-UFPC	kindseal.ufpc	社区清单
龙娘及相关	Dragonian Mix	kalospacer.dragonianmix	社区清单
龙娘及相关	Gloomy Dragonian race	rooandgloomy.dragonianracemod	社区清单
玛鲁及相关	Maru Race	vamv.maruracemod	社区清单
美狐及相关	[MCW]Miho expandBlood Moon Temple 美狐神殿拓展	supermelee.sword	已装索引
美狐及相关	[SRC]Miho,Star Ring Corporation	src.core.markeazzyh	已装索引
美狐及相关	Miho Medieval Costume Expansion美狐中世纪拓展	gcoya.mihomedievalcostume	社区清单
美狐及相关	Miho, the celestial fox	miho.fortifiedoutremer	社区清单
美狐及相关	Miling Mulberry Shrubs	miho.milingmulberryshrubs	社区清单
美狐及相关	Onykxia's miho apparels add 奥妮的美狐服装扩展	onykxia.mihoclothersadd	社区清单
美狐及相关	符漓派系拓展：氷玥(Furi's Faction More Miho)	furi.specialfaction	社区清单
魅狐HAR版及相关	Kurin HAR Edition	seioch.kurin.har	社区清单
魅狐及相关	Kurin, The Three Tailed Fox [Deluxe Edition]	inoshishi3.kttfde	已装索引
萌螈及相关	Dellin's Moelotl Crimson Blood Sect Expanded	dellin.ariandel.crimsonexpanded	社区清单
萌螈及相关	MoeLotl Alchemy Expanded - 萌螈丹药拓展	zhuanz.moelotl.alchemyexpanded	社区清单
萌螈及相关	MoeLotl Faction Expand	hentailoliteam.axolotl.factionexpand	已装索引
萌螈及相关	MoeLotl Race	hentailoliteam.axolotl	已装索引
萌螈及相关	MoeLotl Rigor Mortis	fxz.moelotlzombie.update	已装索引
萌螈及相关	MoeLotl Style Expansion - 化龍	lxxxxx.axolotl.styleexpansion	社区清单
萌螈及相关	SomeMoelotlApparel	sinol.axolotlapparel	社区清单
萌螈及相关	TAWM's MoeLotl	tawm.ml	社区清单
米莉拉及相关	Dellin's Milira Attire Expaned	dellin.ariandel.miliraattireexpaned	社区清单
米莉拉及相关	Milira Addon Fianchetto Variation	rabiosus.funnelmilian	社区清单
米莉拉及相关	Milira Event Story Expand The Tale of Milira	pakerwot.miliraeventandstortexpandthetaleofmilira	已装索引
米莉拉及相关	Milira Expanded - Future Technology	xiyueym.miliraexpandedxy	社区清单
米莉拉及相关	Milira Expansion YaoYao	zuoyao.milirayaoyao	社区清单
米莉拉及相关	Milira Faction Milira Imperium	ariandel.miliraimperium	已装索引
米莉拉及相关	milira kiiro white witch Attire Expaned	dubao.whitewitchattireexpaned	社区清单
米莉拉及相关	Milira Race Gene Patch	ancot.miliraracegenepatch	已装索引
米莉拉及相关	Milira Race	ancot.milirarace	已装索引
米莉拉及相关	Milira Tech Milian Modification	ancot.milianmodification	已装索引
米莉拉及相关	MiliraWings of Democracy	sleepycot.wingsofdemocracy	社区清单
米莉拉及相关	米莉安扩展-主教侧卫型简繁汉化补丁 Milira Addon Fianchetto Variation zh	rabiosus.funnelmilian	并入本体
米莉拉及相关	米莉拉角色拓展 v1.1	hechuanriver.miliraxian.neiyulaw	社区清单
米莉拉及相关	米莉拉轻工业扩展	rid.miliramorethings	社区清单
米莉拉及相关	瓦莱丽的米莉拉扩展包	valeries.miliraexpansion	已装索引
珉巧及相关	Marilyn the Mincho Worshipper Witch ~ HAR ver	sutsutman.marilyntheminchoworshipperwitchharver	社区清单
珉巧及相关	Mincho, The Mint Choco Slime ~ HAR ver	sutsutman.minchothemintchocoslimeharver	社区清单
珉巧及相关	Mincho, The Mint Choco Slime ~ HAR ver.中文化語言包	sutsutman.minchothemintchocoslimeharver	并入本体
茉约及相关	Moyo TideDeserters	moyo.tidedeserters.alpha	社区清单
茉约及相关	Moyo2.0-Blood stained business	nemonian.my2	社区清单
茉约及相关	Moyo2.0-Blood stained business_zh	nemonian.my2	并入本体
墨诺灵及相关	CiTu墨诺灵建筑-护盾石碑	citu.shieldnode	社区清单
墨诺灵及相关	Monolyn Expansion Flight Implant	shimakaze.mnflightimplant	社区清单
墨诺灵及相关	Monolyn Expansion The Forgotten	shimakaze.monolynspacetime	社区清单
墨诺灵及相关	Monolyn Race - Bigger Monolyn Building	morgan.monolynrace.biggerbuilding	社区清单
墨诺灵及相关	Monolyn Race - Milira Halo Heritage v1.1	monolynrace.milirahaloheritage	社区清单
墨诺灵及相关	Monolyn Race	asel.monolynrace	已装索引
墨诺灵及相关	Monolyn RaceRescue Protocol	pumpkin.monolynrescueprotocol	社区清单
涅瓦莲及相关	Nivarian Apparel Store	keeptpa.nivarianrace.apparelconveniencestore	已装索引
涅瓦莲及相关	Nivarian Food Expansion	feilong.nivarianfoodexpansion	社区清单
涅瓦莲及相关	Nivarian Icecream Tail QWQ	dkdcakedangao.nivarianicecreamtailqwq	社区清单
涅瓦莲及相关	Nivarian Mental Harness	keeptpa.nivarianrace.mentalharness	已装索引
涅瓦莲及相关	Nivarian Race DraconicMilitary	keeptpa.nivariandraconicmilitary	已装索引
涅瓦莲及相关	Nivarian Race Draconiture	keeptpa.nivariandraconiture	已装索引
涅瓦莲及相关	Nivarian Race FrostDrakeEdict	mingyue.nivarianfrostdrakeedict	社区清单
涅瓦莲及相关	Nivarian Race	keeptpa.nivarianrace	已装索引
绮罗及相关	Kiiro Apparel Expanded Ported Apparel	pikajo.kiirocostumeadaptationexpansion	社区清单
绮罗及相关	Kiiro Catmint Food Expanded	pikajo.kiirocatmintfoodexpend	社区清单
绮罗及相关	Kiiro Faction Valor	fubuki.kiirovalor	社区清单
绮罗及相关	Kiiro Medieval Expansion	chougou.kiiromedievalexpansion	社区清单
绮罗及相关	Kiiro Race - Maine Coon Xenotype (绮罗缅因异种)	zuoyao.kiiromainecoon	已装索引
绮罗及相关	Kiiro Race - Orange Cat Xenotype (绮罗橘猫异种)	zuoyao.kiiroorangecat	已装索引
绮罗及相关	Kiiro Race - Ragdoll Xenotype (绮罗布偶异种)	zuoyao.kiiroragdoll	已装索引
绮罗及相关	Kiiro Race - Siamese Xenotype (绮罗暹罗异种)	zuoyao.kiirosiamese	已装索引
绮罗及相关	Kiiro Race Gene Patch	ancot.kiiroracegenepatch	已装索引
绮罗及相关	Kiiro Race	ancot.kiirorace	已装索引
绮罗及相关	Kiiro Story Events Expanded	ancot.kiirostoryeventsexpanded	已装索引
绮罗及相关	milira kiiro white witch Attire Expaned	dubao.whitewitchattireexpaned	社区清单
绮罗及相关	sariel milira kiiro Attire Expaned	sleepycot.sarielattireexpaned	社区清单
绮罗及相关	绮罗拓展：动力装甲	es.kiirorace.powerarmor	社区清单
闪耀世界毁灭者及相关	Glitterworld Destroyer 5 - Mechanoid Addon	fxz.glitterworlddestroyer.mk5	社区清单
闪耀世界毁灭者及相关	Glitterworld Destroyer 5 Expansion	qiuci.gd5.expansion	社区清单
失能机关及相关	Ascension Megacorp	aoba.usac.core	社区清单
失能机关及相关	The Dead Man's Switch - 14th BattleGroup	dms.xivbattlegroup	社区清单
失能机关及相关	The Dead Man's Switch - AncientCorps	aoba.deadmanswitch.ancientcorps	社区清单
失能机关及相关	The Dead Man's Switch - Armored Trooper Votoms 失能机关：装甲骑兵	happyzz.armoreddragoons.scopedog	社区清单
失能机关及相关	The Dead Man's Switch - AssemblyMaster	maple.deadmanswitch.superassemblymaster	社区清单
失能机关及相关	The Dead Man's Switch - Expedition	aoba.deadmanswitch.expedition	社区清单
失能机关及相关	The Dead Man's Switch - Joint Operations	dms.proton.jointoperations	社区清单
失能机关及相关	The Dead Man's Switch - Legion	srxf.deadmanswitch.legion	社区清单
失能机关及相关	The Dead Man's Switch - MobileDragoon	aoba.deadmanswitch.mobiledragoon	社区清单
失能机关及相关	The Dead Man's Switch - Module MechWeapons	asiimoves.deadmanswitch.modulemechweapons	社区清单
失能机关及相关	The Dead Man's Switch - More Synthetics	cephalopod.deadmanswitch.moresynthetics	社区清单
失能机关及相关	The Dead Man's Switch - Motorized	aoba.deadmanswitch.motorized	社区清单
失能机关及相关	The Dead Man's Switch - Power Armor Expanded	ziri.deadmanswitch.powerarmorexpanded	社区清单
失能机关及相关	The Dead Man's Switch - Shroud Zone Special Force	berserk.deadmanswitch.experimentalweapons	社区清单
失能机关及相关	The Dead Man's Switch - Synthetic	aoba.deadmanswitch.synthetic	社区清单
失能机关及相关	The Dead Man's Switch - Tri-Tech	dms.tritech	社区清单
失能机关及相关	The Dead Man's Switch - Worker Drones	ovn.workerdrones	社区清单
失能机关及相关	The Dead Man's Switch	aoba.deadmanswitch.core	社区清单
失能机关及相关	The Dead Man's Switch-Flesh and Blood Army	dms.fleshandbloodlegion	社区清单
失能机关及相关	The Dead Man's Switch-more dozer	dms.moredozer	社区清单
兽耳屋及相关	kemomimihouse HardworkingKz	moo.hardworking.kz	社区清单
兽耳屋及相关	kemomimihouse Kz	moo.kemomimihouse.kz	社区清单
兽耳屋及相关	kemomimihouse	psyche.kemomimihouse	社区清单
鼠族及相关	[Bendan]RatkinPsycast	bendan.ratkinpsycast	社区清单
鼠族及相关	[MST]Ratkin Weapons - WarpStoneWeapons	mst.ratkinweapon.warpstoneweapons	社区清单
鼠族及相关	[OA]Ratkin  Knight Order(Furniture)	oark.ratkinknightorderfurniture	已装索引
鼠族及相关	[OA]Ratkin Faction Oberonia aurea	oark.ratkinfaction.oberoniaaurea	已装索引
鼠族及相关	[OA]Ratkin Gene Expand	oark.ratkinfaction.geneexpand	已装索引
鼠族及相关	[OA]Ratkin Scenario Snowstorm Orphan	oark.ratkinfaction.scenarioexpand.snowstorm	已装索引
鼠族及相关	[OA]Stepped Flower Cake	ww.oberoniaaurea.steppedflowercake	已装索引
鼠族及相关	Cursed Ratkin Expanded	cursedratkinarmor.g1flag	社区清单
鼠族及相关	NewRatkinPlus	solaris.ratkinracemod	已装索引
鼠族及相关	NewRatkinPlus_zh	solaris.ratkinracemod	并入本体
鼠族及相关	Ratkin Alchemy+	rka.ratkinalchemy	社区清单
鼠族及相关	Ratkin Anomaly+	fxz.ratkinanomaly.update	已装索引
鼠族及相关	Ratkin Apparel Expanded Space RatCan	acutus.spaceratcan	社区清单
鼠族及相关	Ratkin BackStory Expanded	darkkai.ratkinbackstoryexpanded	社区清单
鼠族及相关	Ratkin Clothes - GreatSky	browncofe.rcgs	社区清单
鼠族及相关	Ratkin clothes维多利亚的港湾	iceorange.rkkjunfu	社区清单
鼠族及相关	Ratkin Equipment Expanded	darkkai.ratkinequipmentexpanded	社区清单
鼠族及相关	Ratkin Faction+	fxz.ratkinfaction	已装索引
鼠族及相关	Ratkin Gene Expanded	eoralmilk.ratkingeneexpanded	已装索引
鼠族及相关	Ratkin GreatWar Medals	ratkin.greatwar.medal	社区清单
鼠族及相关	Ratkin GreatWar	browncofe.rcg	社区清单
鼠族及相关	Ratkin Knights+	rkk.ratknights.core	社区清单
鼠族及相关	Ratkin Lifestyle+	fxz.ratkinlifestyle.update	社区清单
鼠族及相关	Ratkin Manuscripts - OrderState	browncofe.rcko	社区清单
鼠族及相关	Ratkin Mechanoid Expaned	darkkai.ratkinmechanoidexpaned	社区清单
鼠族及相关	Ratkin Promised land Ruleless Moustate	eoralmilk.ratkinmoustate	社区清单
鼠族及相关	Ratkin Ranged Weapon Expanded New	darkkai.ratkinrangedweaponexpandednew	社区清单
鼠族及相关	Ratkin Underground+	rku.ratkinunderground	社区清单
鼠族及相关	Ratkin Vehicles+ (1.6)	natsuki.ratkinvehicles.maintained	社区清单
鼠族及相关	Ratkin Weapons+	bbb.ratkinweapon.morefailure	社区清单
鼠族及相关	Ratkin's golden appendicitis	hahaha.appendicitis	社区清单
鼠族及相关	SA Ratkin	sa.ratkin	社区清单
鼠族及相关	松鼠基因	nightocean.squirrelgenes	社区清单
天工铸造及相关	CeleTech Arsenal - Shuttle Extension	longrange.celetech.shuttleextension	社区清单
天工铸造及相关	CeleTech Arsenal MKIII	tot.celetech.mkiii	社区清单
天工铸造及相关	CeleTech Subsonic Disruptor	tot.celetech.sub.fbs	社区清单
驼鹿娘及相关	Moosesian race	waffelf.moosesianrace	社区清单
薇薇及相关	Vivi Race	gguake.race.vivi	已装索引
薇薇及相关	Vivi Race_zh	gguake.race.vivi	并入本体
沃芬及相关	Wolfein AIPT Expand	oldpassenger.wolfeinaiptexpand	社区清单
沃芬及相关	Wolfein Allegiance	leopoko.wolfeinallegiance	社区清单
沃芬及相关	Wolfein Black Science Expand	wolfeinexpand.blackscience	社区清单
沃芬及相关	Wolfein Chocolate Delicacies-沃芬族巧克力佳肴	zuoyao.wolfeinchocolatedelicacies	社区清单
沃芬及相关	Wolfein Race Extra Backstories	com.zoshsgahdnkc.wrextrabackstories	社区清单
沃芬及相关	Wolfein Race Extra Genes	com.zoshsgahdnkc.wrextragenes	社区清单
沃芬及相关	Wolfein Race Gene Patch	ancot.wolfeinracegenepatch	已装索引
沃芬及相关	Wolfein Race GFI Expand	jl.wolfeingfiexpanded	社区清单
沃芬及相关	Wolfein Race MegaCorp Edition	com.zoshsgahdnkc.wrmegacorpedition	社区清单
沃芬及相关	Wolfein Race	melondove.wolfeinrace	已装索引
沃芬及相关	幻想乡物流服务	trigger.ceoocplan	社区清单
锈蚀火种及相关	Rustspark Crisis	hailuan.allsparkcrisis	社区清单
雪牛娘及相关	Mugirl Race	har.mugirlrace	社区清单
烟烬及相关	Cinder Armor For DMS Mech	cn.cinderarmorfordms	社区清单
烟烬及相关	Cinder Cocoon	suncontrol.cindercocoon	社区清单
烟烬及相关	Cinders Eroded Weapons Extended (Forked)	asiimoves.cinderserodedweaponsaextendedforked	社区清单
烟烬及相关	Cinders of the Embergarden	breadmo.cinders	社区清单
烟烬及相关	Extra Armor For Cinder	cn.amorphousarmor	社区清单
冶龍及相关	中式龙娘——冶龍 SMELTED LOONG	ny.smeltedloong	已装索引
蚁族及相关	Anty the war ant race	roo.antyracemod	社区清单
蚁族及相关	Anty the war ant race蚁族新简体中文汉化包	roo.antyracemod	并入本体
银科女仆及相关	Silversol's Azurtrail	silversol.azur	社区清单
银科女仆及相关	Silversol's Magna Fortress	silversol.magna	社区清单
银科女仆及相关	Silversol's maidnoid	silversol.consti	社区清单
银科女仆及相关	Silversol's SortieLion	silversol.sortie	社区清单
银科女仆及相关	Silversol's Steelvivian	silversol.steelvivian	社区清单
银科女仆及相关	Silversol's Stormmarina	silversol.marina	社区清单
樱花圣姬魅魔恋及相关	SakuraSaintess SuccubusLove	pumpkin.mengximagic	已装索引
悠兰及相关	Yuran race	rooandgloomy.yuranracemod	社区清单
悠兰及相关	Yuran Shrine Japanese Architecture	caoyuanfei.yuranshrinejapanesearchitecture	社区清单
月兔族及相关	[LSK]月兔扩展——防御建筑和炮塔	lsk.rabbiedefensefacilitiesandturrets	手工补全
月兔族及相关	[LSK]月兔扩展——基础家具和设施	lsk.rabbiefurnitureandfacilities.basic	手工补全
月兔族及相关	[LSK]月兔扩展——军用武器和装备	lsk.rabbieweaponsandequipment	手工补全
月兔族及相关	LEPUS Rabbie equipment add-on	nsns.lepusaddon	手工补全
月兔族及相关	Rabbie The Moonrabbit - 简繁汉化包(1.6)	runnelatki.rabbieracemod	并入本体
月兔族及相关	Rabbie The Moonrabbit race	runnelatki.rabbieracemod	已装索引
